{"cameraMode":{"drawMode":0,"name":"Shaded","section":"Shading Mode"},"sceneLighting":true,"audioPlay":false,"sceneViewState":{"showFog":false,"showMaterialUpdate":false,"showSkybox":false,"showFlares":false,"showImageEffects":false,"showParticleSystems":false},"in2DMode":false,"pivot":{"x":-39.41127014160156,"y":-6.046884536743164,"z":-148.23001098632813},"rotation":{"x":0.002708001062273979,"y":-0.9924842119216919,"z":0.022343579679727556,"w":0.12028531730175019},"size":166.80645751953126,"orthographic":false}